Parameter,information
i,p
8,.,8,.,8,.,8
Parameter,information
v,e,r,s,i,o,n
I,P,v,4
Parameter,information
c,i,t,y
M,o,u,n,t,a,i,n, ,V,i,e,w
Parameter,information
r,e,g,i,o,n
C,a,l,i,f,o,r,n,i,a
Parameter,information
r,e,g,i,o,n,_,c,o,d,e
C,A
Parameter,information
c,o,u,n,t,r,y
U,S
Parameter,information
c,o,u,n,t,r,y,_,n,a,m,e
U,n,i,t,e,d, ,S,t,a,t,e,s
Parameter,information
c,o,u,n,t,r,y,_,c,o,d,e
U,S
Parameter,information
c,o,u,n,t,r,y,_,c,o,d,e,_,i,s,o,3
U,S,A
Parameter,information
c,o,u,n,t,r,y,_,c,a,p,i,t,a,l
W,a,s,h,i,n,g,t,o,n
Parameter,information
c,o,u,n,t,r,y,_,t,l,d
.,u,s
Parameter,information
c,o,n,t,i,n,e,n,t,_,c,o,d,e
N,A
Parameter,information
i,n,_,e,u
